Changes had been done
reference_id,name,email,Status
11,Usman,usman@gmail.com,not_changed
22,John,john@gmail.com,not_changed
33,Don,don@gmail.com,not_changed
44,Dave,dave@gmail.com,not_changed
55,Steve,steve@gmail.com,not_changed
66,Johnson Baby,johnson@gmail.com,updated
77,Jack Coco,jack@gmail.com,not_changed
88,Mojo Jojo,jojo@gmail.com,created
