id,name,email
11,Usman,usman@gmail.com
22,John,john@gmail.com
33,Don,don@gmail.com
44,Dave,dave@gmail.com
55,Steve,steve@gmail.com
66,Johnson Baby,johnson@gmail.com
77,Jack Coco,jack@gmail.com
88,Mojo Jojo,jojo@gmail.com